АРТИКУЛ,МАРКА,МОДЕЛЬ,ГОД,НОМЕР ЗАПЧАСТИ,ССЫЛКА НА ЗАПЧАСТЬ,ТОПЛИВО,ОБЪЕМ,ТИП ДВИГАТЕЛЯ,КОРОБКА,ТИП КУЗОВА,ЗАПЧАСТЬ,ОПИСАНИЕ,ПОД ЗАКАЗ,ЦЕНА,НОВАЯ,ФОТО,СТРАНИЦА окончания
2028768,Acura,ILX,2014 ,R20A5,https://bamper.by/zapchast_dvigatel/39050-2028768/,бензин, 2.0 л, ,АКПП,седан,Двигатель,Из США с документами. Гарантия 60 дней. Возможность установки на собственном СТО.(пробег 55000км.). R20A5.,,1451,Б/у,http://95.163.237.225/39050-2028768.png,1
2020035,Acura,ILX,2014 ,19VDE1F7XEE007137,https://bamper.by/zapchast_kpp-avtomaticheskaya-akpp/39050-2020035/,бензин, 2.0 л, ,АКПП,седан,КПП автоматическая (АКПП),Из США с документами. Гарантия 60 дней. Возможность установки на собственном СТО. R20A5.,,870,Б/у,http://95.163.237.225/39050-2020035.png,1
111287507,Acura,ILX,2020 , ,https://bamper.by/zapchast_fara-protivotumannaya-levaya/74024-111287507/,,, , ,,Фара противотуманная левая,Оригинал USA Отличное состояние,,243,Б/у,http://95.163.237.225/74024-111287507.png,1
111287513,Acura,ILX,2020 , ,https://bamper.by/zapchast_fara-protivotumannaya-pravaya/74024-111287513/,,, , ,,Фара противотуманная правая,Оригинал USA Отличное состояние,,243,Б/у,http://95.163.237.225/74024-111287513.png,1
43262775_2,Acura,ILX,2015 ,9CLP14S,https://bamper.by/zapchast_support-zadniy-levyy/15107-43262775_2/,,, , ,,Суппорт задний левый,Отличное состояние. Из Испании ,,35,Б/у,http://95.163.237.225/15107-43262775_2.png,1
43262775_3,Acura,ILX,2015 ,9CLP14S,https://bamper.by/zapchast_support-zadniy-pravyy/15107-43262775_3/,,, , ,,Суппорт задний правый,Отличное состояние. Из Испании ,,35,Б/у,http://95.163.237.225/15107-43262775_3.png,1
59632129,Acura,ILX,2013 ,31200R5AA01,https://bamper.by/zapchast_starter/299-59632129/,бензин, 2.4 л, , ,,Стартер,оригинал  гарантия 6 месяцев  дополнительная скидка при принятии вашего агрегата в зачет,,119,Б/у,http://95.163.237.225/299-59632129.png,1
59632002,Acura,ILX,2013 ,SM74017,https://bamper.by/zapchast_starter/299-59632002/,бензин, 2.4 л, , ,,Стартер,оригинал  гарантия 6 месяцев  дополнительная скидка при принятии вашего агрегата в зачет,,119,Б/у,http://95.163.237.225/299-59632002.png,1
61813771,Acura,ILX A-Spec (2019-...),2021 , ,https://bamper.by/zapchast_dvigatel/2666-61813771/,,, , ,,Двигатель,2020 г.в.  пробег 37.000 миль  под разбор  дефект передней крышки,,679,Б/у, ,1
61813774,Acura,ILX,2020 , ,https://bamper.by/zapchast_kpp-avtomaticheskaya-akpp/2666-61813774/,,, , ,,КПП автоматическая (АКПП),под разбор,,582,Б/у, ,1
61813775,Acura,ILX A-Spec (2019-...),2021 , ,https://bamper.by/zapchast_poluos-privodnoy-val-shrus/2666-61813775/,,, , ,,"Полуось (приводной вал, ШРУС)",,,340,Б/у, ,1
98051602,Acura,ILX,2020 , ,https://bamper.by/zapchast_kronshteyn-kryla/2666-98051602/,,, , ,,Кронштейн крепления крыла,оригинал  крепление крыло/бампер  левая/правая сторона,,24,Б/у,http://95.163.237.225/2666-98051602.png,1
98051605,Acura,ILX,2020 , ,https://bamper.by/zapchast_kreplenie-kryla-perednego-pravogo/2666-98051605/,,, , ,,Кронштейн крепления крыла переднего правого,оригинал  крепление крыло/бампер,,24,Б/у,http://95.163.237.225/2666-98051605.png,1
61813783,Acura,ILX A-Spec (2019-...),2021 , ,https://bamper.by/zapchast_rychag-peredniy/2666-61813783/,,, , ,,Рычаг передний,,,243,Б/у, ,1
119275298,Acura,ILX,2020 , ,https://bamper.by/zapchast_kolpachok-litogo-diska/2666-119275298/,,, , ,,Колпачок литого диска,Комплект 4 шт  идеальное состояние. По каталогу подходит для ILX 2019-2022 TLX 2015-2017. Цена за комплект.,,53,Б/у,http://95.163.237.225/2666-119275298.png,1
